{
  "particles": {
    "number": {
      "value": 20,
      "density": {
        "enable": true,
        "value_area": 1202.559045649142
      }
    },
    "color": {
      "value": "#65a5c8"
    },
    "shape": {
      "type": ["image", "image2", "image3", "image4", "image5", "image6", "image7", "image8", "image9", "image10", "image11", "circle"],
      "stroke": {
        "width": 0,
        "color": "#000000"
      },
      "polygon": {
        "nb_sides": 3
      },
      "image": {
        "src": "img/team/team-01.png",
        "width": 200,
        "height": 200
      }
    },
    "opacity": {
      "value": 0.48102361825965684,
      "random": false,
      "anim": {
        "enable": false,
        "speed": 1,
        "opacity_min": 0.1,
        "sync": false
      }
    },
    "size": {
      "value": 28.05971106514665,
      "random": true,
      "anim": {
        "enable": false,
        "speed": 17.053621458328248,
        "size_min": 50.348787162683394,
        "sync": false
      }
    },
    "line_linked": {
      "enable": true,
      "distance": 150,
      "color": "#48aed9",
      "opacity": 1,
      "width": 4.892715378120091
    },
    "move": {
      "enable": true,
      "speed": 6,
      "direction": "none",
      "random": false,
      "straight": false,
      "out_mode": "out",
      "bounce": false,
      "attract": {
        "enable": true,
        "rotateX": 1025.8919341219544,
        "rotateY": 1200
      }
    }
  },
  "interactivity": {
    "detect_on": "window",
    "events": {
      "onhover": {
        "enable": true,
        "mode": "grab"
      },
      "onclick": {
        "enable": false,
        "mode": "push"
      },
      "resize": true
    },
    "modes": {
      "grab": {
        "distance": 400,
        "line_linked": {
          "opacity": 1
        }
      },
      "bubble": {
        "distance": 400,
        "size": 40,
        "duration": 2,
        "opacity": 8,
        "speed": 3
      },
      "repulse": {
        "distance": 200,
        "duration": 0.4
      },
      "push": {
        "particles_nb": 4
      },
      "remove": {
        "particles_nb": 2
      }
    }
  },
  "retina_detect": true
}
